0,111,38,163,200,1,181,142,116,161,114
1,111,107,38,200,1,181,142,116,161,114
2,38,163,111,200,1,142,181,161,116,114
3,38,163,111,200,1,181,142,116,161,114
4,107,38,111,200,1,142,181,161,116,114
5,163,38,111,200,1,181,142,116,161,114
6,111,107,38,200,1,181,142,116,161,114
7,163,107,38,200,1,181,142,116,161,114
8,163,38,111,200,1,181,142,116,161,114
9,107,111,38,200,1,181,142,116,161,114
10,107,111,38,1,200,181,142,116,161,114
11,107,111,38,200,1,181,142,116,161,114
12,163,107,38,200,1,181,142,116,161,114
13,163,107,38,200,1,181,142,116,161,114
14,163,107,38,1,200,181,116,142,114,161
15,163,38,111,200,1,181,142,116,161,114
16,107,163,38,200,1,181,142,116,161,114
17,107,163,38,1,200,181,142,116,161,114
18,163,107,111,200,1,181,142,116,161,114
19,163,107,38,200,1,181,142,116,161,114
20,111,200,107,38,1,181,142,116,161,114
21,111,107,38,200,1,181,142,116,161,114
22,107,111,38,200,1,181,142,116,161,114
23,111,107,38,200,1,181,142,116,114,161
24,163,107,111,200,1,181,142,116,161,114
25,163,107,38,1,200,181,142,116,161,114
26,107,111,163,200,1,181,142,116,161,114
27,38,163,111,200,1,181,142,116,161,114
28,38,111,107,200,1,181,142,116,161,114
29,107,163,111,200,1,181,142,116,161,114
30,107,38,111,200,1,142,181,161,116,114
31,107,163,111,200,1,181,142,116,161,114
32,163,107,38,200,1,142,181,116,161,114
33,111,107,38,200,1,142,181,161,116,114
34,111,163,38,200,1,181,142,116,161,114
35,163,107,38,200,1,181,142,116,161,114
36,163,38,111,200,1,142,181,116,161,114
37,163,38,111,200,1,181,142,116,161,114
38,111,107,38,1,200,181,142,116,161,114
39,38,163,111,200,1,181,142,116,161,114
40,107,163,111,200,1,181,142,116,161,114
41,111,107,38,200,1,181,142,116,161,114
42,149,107,1,38,200,181,142,116,161,114
43,163,111,38,200,1,142,181,161,116,114
44,111,107,38,200,1,181,142,116,161,114
45,38,107,200,111,1,181,142,161,116,114
46,111,107,38,200,1,181,142,116,161,114
47,107,111,38,200,1,181,142,116,114,161
48,38,163,111,200,1,181,142,116,161,114
49,163,107,200,38,1,181,142,116,114,161
50,163,111,38,200,1,181,142,116,114,161
51,107,163,38,200,1,181,142,116,161,114
52,107,163,38,1,200,181,142,116,161,114
53,107,111,38,200,1,142,181,116,161,114
54,107,38,111,200,1,142,181,161,116,114
55,163,38,111,200,1,181,142,116,161,114
56,107,163,38,1,200,181,142,116,161,114
57,111,38,107,200,1,181,142,116,161,114
58,163,107,38,200,1,181,142,116,161,114
59,163,107,38,200,1,181,142,116,161,114
60,163,107,38,200,1,181,142,116,114,161
61,107,38,111,200,1,181,142,116,161,114
62,38,163,111,200,1,181,142,161,116,114
63,107,111,38,1,200,142,181,116,161,114
64,38,163,111,200,1,142,181,161,116,114
65,111,107,38,200,1,181,142,116,161,114
66,107,38,111,200,1,181,142,116,161,114
67,38,107,111,200,1,181,142,116,161,114
68,163,107,200,38,1,142,181,116,161,114
69,107,38,111,200,1,181,142,116,161,114
70,149,1,107,200,38,181,142,116,161,114
71,38,163,111,200,1,181,142,116,161,114
72,38,163,111,200,1,181,142,116,161,114
73,111,107,38,200,1,142,181,161,116,114
74,163,107,200,38,1,181,142,116,161,114
75,38,107,111,200,1,181,142,116,161,114
76,38,163,111,200,1,181,142,116,161,114
77,107,38,111,200,1,181,142,116,161,114
78,163,38,111,200,1,181,142,116,161,114
79,163,107,38,200,1,181,142,116,161,114
80,163,38,111,200,1,181,142,116,161,114
81,107,163,38,200,1,181,142,116,161,114
82,38,163,111,200,1,181,142,116,161,114
83,107,38,200,111,1,181,142,116,161,114
84,107,38,111,200,1,181,142,116,161,114
85,107,38,111,200,1,142,181,161,116,114
86,163,107,38,200,1,181,142,116,161,114
87,38,163,111,200,1,181,142,116,161,114
88,38,163,111,200,1,142,181,161,116,114
89,38,107,111,200,1,181,142,116,161,114
90,107,111,38,200,1,181,142,116,161,114
91,107,163,38,1,200,181,142,116,161,114
92,107,111,38,200,1,181,142,116,161,114
93,107,163,38,1,200,181,142,116,161,114
94,111,107,38,200,1,142,181,161,116,114
95,163,38,111,200,1,181,142,116,161,114
96,111,107,38,1,200,181,142,116,161,114
97,38,163,111,200,1,181,142,161,116,114
98,163,111,38,200,1,181,142,116,161,114
99,107,111,38,200,1,181,142,116,161,114
100,107,163,38,200,1,181,142,116,114,161
101,163,38,111,200,1,142,181,161,116,114
102,111,107,38,200,1,142,181,116,161,114
103,163,107,38,200,1,181,142,116,161,114
104,163,107,38,200,1,181,142,116,114,161
105,163,38,111,200,1,142,181,161,116,114
106,107,111,38,200,1,181,142,116,161,114
107,149,107,1,38,200,181,142,116,161,114
108,163,107,38,200,1,181,142,116,161,114
109,107,38,111,200,1,181,142,116,161,114
110,111,163,38,200,1,142,181,161,116,114
111,111,107,38,200,1,181,142,116,161,114
112,107,163,111,200,1,181,142,116,161,114
113,149,107,38,200,1,142,181,116,161,114
114,107,163,38,200,1,181,142,116,114,161
115,149,107,200,38,1,181,142,116,161,114
116,107,111,38,200,1,181,142,116,161,114
117,107,111,38,200,1,181,142,116,161,114
118,163,200,107,38,1,181,142,116,161,114
119,38,107,111,200,1,181,142,116,161,114
120,107,163,38,1,200,181,142,116,161,114
121,107,111,38,200,1,181,142,116,161,114
122,111,163,38,200,1,142,181,116,161,114
123,111,163,38,200,1,181,142,116,161,114
124,38,111,163,200,1,181,142,116,161,114
125,107,38,200,111,1,142,181,161,116,114
126,163,107,38,200,1,181,142,116,114,161
127,111,38,107,200,1,181,142,116,161,114
128,111,163,38,200,1,181,142,116,161,114
129,163,107,38,1,200,181,142,116,161,114
130,163,38,107,200,1,181,142,116,114,161
131,163,107,111,200,1,181,142,116,161,114
132,107,163,38,200,1,181,142,116,114,161
133,111,107,38,200,1,142,181,116,161,114
134,163,107,38,1,200,181,142,116,114,161
135,163,111,38,200,1,181,142,116,161,114
136,163,107,38,200,1,181,142,116,161,114
137,107,111,163,200,1,181,142,116,161,114
138,107,111,38,200,1,181,142,116,161,114
139,38,107,163,1,200,181,142,116,161,114
140,107,38,111,200,1,142,181,161,116,114
141,107,111,38,200,1,181,142,116,114,161
142,163,107,38,1,200,142,181,116,161,114
143,38,111,163,200,1,181,142,116,161,114
144,111,200,107,38,1,142,181,161,116,114
145,107,38,163,200,1,181,142,116,161,114
146,163,38,107,1,200,181,142,116,161,114
147,107,163,38,1,200,181,142,116,114,161
148,38,111,107,200,1,181,142,116,161,114
149,107,38,111,200,1,142,181,116,161,114
150,163,38,111,200,1,181,142,116,161,114
151,163,38,200,111,1,142,181,161,116,114
152,163,107,38,1,200,181,142,116,161,114
153,107,111,38,200,1,181,142,116,161,114
154,149,107,1,200,38,181,142,116,161,114
155,163,107,38,1,200,181,142,116,114,161
156,163,38,111,200,1,181,142,116,161,114
157,163,107,38,200,1,181,142,116,114,161
158,107,38,111,200,1,181,142,116,161,114
159,163,38,111,200,1,181,142,116,161,114
160,107,163,38,1,200,181,142,116,161,114
161,163,107,38,200,1,181,142,116,161,114
162,107,111,38,1,200,142,181,116,161,114
163,107,38,111,200,1,142,181,161,116,114
164,163,38,111,200,1,181,142,116,114,161
165,163,38,111,200,1,142,181,161,116,114
166,38,107,111,200,1,181,142,161,116,114
167,107,163,38,200,1,181,142,116,161,114
168,163,107,38,200,1,181,142,116,161,114
169,163,38,111,200,1,181,142,116,161,114
170,38,163,111,200,1,181,142,161,116,114
171,107,38,111,200,1,142,181,161,116,114
172,38,163,111,200,1,181,142,116,161,114
173,111,107,38,200,1,181,142,116,161,114
174,163,111,38,200,1,181,142,116,161,114
175,163,107,38,200,1,181,142,116,161,114
176,107,38,163,200,1,181,142,116,114,161
177,38,163,200,111,1,142,181,161,116,114
178,111,163,38,200,1,181,142,116,114,161
179,38,107,111,200,1,142,181,116,161,114
180,107,38,111,200,1,181,142,116,161,114
181,163,111,38,200,1,181,142,116,114,161
182,111,200,107,38,1,181,142,116,161,114
183,38,163,107,200,1,181,142,116,161,114
184,107,111,38,200,1,181,142,116,161,114
185,163,38,111,200,1,142,181,116,161,114
186,163,38,111,200,1,181,142,116,161,114
187,163,38,111,200,1,142,181,161,116,114
188,111,107,38,200,1,142,181,116,161,114
189,163,111,38,200,1,181,142,116,161,114
190,38,163,111,200,1,181,142,116,161,114
191,163,107,38,200,1,142,181,116,161,114
192,38,111,107,200,1,142,181,116,161,114
193,107,38,111,200,1,181,142,116,161,114
194,163,38,111,200,1,181,142,116,161,114
195,107,111,38,200,1,181,142,116,161,114
196,38,111,107,200,1,181,142,161,116,114
197,111,107,38,200,1,181,142,116,161,114
198,38,111,163,200,1,181,142,116,161,114
199,111,107,200,38,1,142,181,161,116,114
200,107,163,38,1,200,181,142,116,161,114
201,149,1,200,38,107,181,142,116,161,114
202,163,38,200,111,1,181,142,116,161,114
203,163,107,38,1,200,181,142,116,161,114
204,107,38,111,200,1,181,142,116,161,114
205,107,38,111,200,1,142,181,161,116,114
206,111,163,107,200,1,181,142,116,161,114
207,111,107,38,1,200,181,142,116,161,114
208,107,38,111,200,1,181,142,116,161,114
209,163,38,111,200,1,181,142,116,161,114
210,107,200,38,111,1,181,142,161,116,114
211,163,107,38,200,1,181,142,116,114,161
212,163,107,38,1,200,181,116,142,161,114
213,163,38,111,200,1,181,142,116,161,114
214,107,163,111,200,1,181,142,116,161,114
215,107,111,38,200,1,142,181,161,116,114
216,163,107,38,1,200,181,142,116,161,114
217,111,107,38,200,1,142,181,161,116,114
218,107,111,38,200,1,142,181,116,161,114
219,111,107,38,200,1,181,142,116,114,161
220,111,107,38,200,1,181,142,116,161,114
221,107,111,38,200,1,181,142,116,161,114
222,111,107,38,200,1,181,142,116,161,114
223,163,107,38,200,1,181,142,116,161,114
224,111,107,38,200,1,181,142,116,161,114
225,107,38,111,200,1,181,142,116,161,114
226,163,38,111,200,1,181,142,116,161,114
227,163,107,111,200,1,181,142,116,161,114
228,107,163,111,200,1,181,142,116,161,114
229,38,163,111,200,1,181,142,116,161,114
230,163,107,38,1,200,181,142,116,161,114
231,163,107,38,1,200,181,142,116,161,114
232,107,111,38,200,1,181,142,116,114,161
233,38,163,111,200,1,181,142,116,161,114
234,107,111,200,38,1,142,181,161,116,114
235,163,107,38,1,200,181,142,116,161,114
236,163,107,38,200,1,181,142,116,161,114
237,107,38,111,200,1,181,142,116,161,114
238,163,38,111,200,1,181,142,116,161,114
239,107,163,111,1,200,181,142,116,161,114
240,163,111,38,1,200,181,142,116,161,114
241,111,107,200,38,1,181,142,116,161,114
242,163,38,111,200,1,181,142,116,161,114
243,111,107,38,200,1,181,142,116,161,114
244,107,111,38,200,1,181,142,116,161,114
245,163,38,111,200,1,181,142,116,161,114
246,163,107,38,1,200,181,116,142,114,161
247,38,163,111,200,1,181,142,116,161,114
248,38,163,111,200,1,181,142,116,114,161
249,111,107,38,1,200,142,181,116,161,114
250,107,111,38,200,1,181,142,116,161,114
251,163,38,107,200,1,181,142,116,114,161
252,163,38,111,200,1,181,142,116,161,114
253,111,38,107,200,1,181,142,116,161,114
254,111,107,38,200,1,181,142,116,161,114
255,107,38,111,200,1,181,142,116,161,114
256,107,38,111,200,1,181,142,116,161,114
257,107,111,38,200,1,142,181,161,116,114
258,38,163,111,200,1,181,142,116,161,114
259,163,107,111,200,1,181,142,116,161,114
260,163,38,107,1,200,181,142,116,161,114
261,38,163,111,200,1,181,142,116,161,114
262,107,38,111,200,1,181,142,116,161,114
263,163,38,111,200,1,181,142,116,161,114
264,107,111,38,200,1,181,142,116,161,114
265,107,163,111,200,1,181,142,116,161,114
266,107,38,163,200,1,181,142,116,161,114
267,163,107,38,200,1,181,142,116,161,114
268,107,163,38,1,200,181,116,142,114,161
269,163,107,38,200,1,181,142,116,161,114
270,107,163,38,1,200,181,142,116,161,114
271,38,107,163,1,200,181,142,116,161,114
272,107,111,38,200,1,181,142,116,161,114
273,107,38,111,200,1,181,142,116,161,114
274,163,38,107,1,200,181,142,116,161,114
275,163,38,111,200,1,181,142,116,161,114
276,163,200,107,38,1,142,181,161,116,114
277,163,38,111,200,1,142,181,161,116,114
278,107,111,38,200,1,181,142,116,161,114
279,163,1,107,38,200,181,142,116,161,114
280,107,38,111,200,1,181,142,116,161,114
281,107,111,200,38,1,142,181,116,161,114
282,163,107,38,200,1,181,142,116,161,114
283,107,163,111,200,1,181,142,116,161,114
284,107,38,111,200,1,181,142,116,161,114
285,107,38,111,200,1,181,142,161,116,114
286,111,107,38,200,1,181,142,116,161,114
287,111,107,38,200,1,181,142,116,161,114
288,163,38,111,200,1,181,142,116,114,161
289,111,107,38,200,1,181,142,116,161,114
290,107,38,111,200,1,142,181,161,116,114
291,163,107,111,200,1,181,142,116,161,114
292,38,163,111,200,1,181,142,161,116,114
293,107,38,111,200,1,181,142,116,161,114
294,163,38,111,200,1,142,181,161,116,114
295,163,38,111,200,1,181,142,116,161,114
296,111,163,38,200,1,181,142,116,161,114
297,163,111,38,200,1,142,181,116,161,114
298,38,107,163,200,1,181,142,116,114,161
299,38,163,111,200,1,181,142,116,161,114
300,107,38,111,200,1,181,142,116,161,114
301,38,163,111,200,1,142,181,161,116,114
302,107,111,38,200,1,142,181,161,116,114
303,107,38,111,200,1,181,142,116,161,114
304,38,163,111,200,1,181,142,116,114,161
305,163,107,38,1,200,181,142,116,161,114
306,38,163,111,200,1,181,142,161,116,114
307,163,107,38,1,200,181,142,116,114,161
308,38,163,111,200,1,181,142,116,114,161
309,111,107,38,1,200,181,142,116,161,114
310,163,38,111,200,1,181,142,116,161,114
311,163,111,38,200,1,181,142,116,161,114
312,111,107,38,1,200,181,142,116,161,114
313,111,38,163,200,1,181,142,116,114,161
314,163,38,111,200,1,181,142,116,161,114
315,163,38,111,200,1,181,142,116,161,114
316,38,163,107,200,1,181,142,116,161,114
317,107,38,111,200,1,181,142,116,161,114
318,111,38,107,1,200,181,142,116,161,114
319,38,163,111,200,1,181,142,116,161,114
320,111,107,38,200,1,142,181,116,161,114
321,163,107,38,200,1,181,142,116,114,161
322,38,107,163,1,200,181,142,116,161,114
323,38,111,163,200,1,181,142,116,161,114
324,111,107,38,200,1,181,142,116,161,114
325,107,111,38,200,1,181,142,116,161,114
326,107,111,38,200,1,181,142,116,161,114
327,107,111,38,200,1,142,181,161,116,114
328,107,38,111,200,1,181,142,116,161,114
329,107,38,111,200,1,181,142,116,161,114
330,163,38,107,200,1,181,142,116,161,114
331,107,163,111,200,1,181,142,116,161,114
332,107,111,38,200,1,181,142,161,116,114
333,111,38,107,200,1,181,142,116,161,114
334,38,163,111,200,1,181,142,116,161,114
335,38,163,111,200,1,142,181,161,116,114
336,163,107,38,1,200,181,142,116,114,161
337,111,163,38,1,200,181,142,116,161,114
338,163,107,38,200,1,181,142,116,161,114
339,163,107,38,200,1,181,142,116,161,114
340,107,38,111,200,1,181,142,161,116,114
341,111,107,38,200,1,142,181,116,161,114
342,163,107,38,200,1,142,181,116,161,114
343,163,107,38,200,1,181,142,116,161,114
344,163,38,111,200,1,181,142,116,161,114
345,111,107,38,200,1,181,142,116,161,114
346,107,163,38,1,200,181,142,116,161,114
347,163,107,38,1,200,181,116,142,114,161
348,38,163,111,200,1,181,142,116,161,114
349,38,163,111,200,1,181,142,116,161,114
350,107,163,111,200,1,181,142,116,161,114
351,163,107,38,200,1,181,142,116,161,114
352,163,107,38,200,1,181,142,116,161,114
353,38,163,200,111,1,181,142,161,116,114
354,107,111,38,200,1,181,142,116,161,114
355,107,111,38,200,1,181,142,116,161,114
356,38,163,111,200,1,181,142,116,161,114
357,107,163,38,200,1,142,181,116,161,114
358,111,107,38,1,200,181,142,116,161,114
359,163,111,38,200,1,181,142,116,161,114
360,111,107,38,1,200,181,142,116,161,114
361,163,111,38,200,1,181,142,116,161,114
362,38,163,111,200,1,181,142,116,161,114
363,163,38,111,200,1,181,142,161,116,114
364,163,107,200,38,1,181,142,116,114,161
365,163,38,111,200,1,181,142,161,116,114
366,107,111,38,200,1,181,142,116,161,114
367,163,38,107,200,1,181,142,116,161,114
368,111,38,107,200,1,181,142,116,161,114
369,107,111,38,200,1,181,142,116,161,114
370,163,107,38,1,200,181,142,116,161,114
371,111,107,38,200,1,181,142,116,161,114
372,107,111,163,200,1,181,142,116,161,114
373,38,163,111,200,1,181,142,116,161,114
374,163,107,1,38,200,181,116,142,114,161
375,38,163,111,200,1,181,142,116,161,114
376,38,107,111,200,1,181,142,116,161,114
377,163,38,107,1,200,181,116,142,161,114
378,163,38,107,200,1,181,142,116,161,114
379,163,38,111,200,1,181,142,116,161,114
380,163,38,111,200,1,181,142,116,161,114
381,38,163,111,200,1,181,142,116,114,161
382,107,38,111,200,1,181,142,161,116,114
383,163,107,200,38,1,181,142,116,114,161
384,163,38,111,200,1,181,142,116,161,114
385,111,107,38,200,1,181,142,116,161,114
386,163,107,38,1,200,181,142,116,161,114
387,107,38,111,1,200,142,181,116,161,114
388,38,163,111,200,1,181,142,161,116,114
389,111,107,38,200,1,181,142,116,161,114
390,38,111,163,200,1,181,142,116,161,114
391,163,111,38,200,1,181,142,116,161,114
392,107,111,38,200,1,181,142,116,161,114
393,107,38,111,200,1,181,142,116,161,114
394,107,111,38,200,1,181,142,116,161,114
395,107,111,38,200,1,181,142,116,161,114
396,38,163,111,200,1,142,181,161,116,114
397,163,38,111,200,1,181,142,116,161,114
398,111,107,200,38,1,142,181,161,116,114
399,107,111,38,200,1,181,142,116,161,114
