0,197,161,37,32,42,75,184,192,12,2,136
1,117,135,157,43,75,54,70,114,95,130,116
2,198,85,69,135,13,142,192,197,114,64,23
3,96,154,62,193,28,158,27,99,56,11,121
4,183,46,197,186,32,26,150,181,54,50,188
5,201,179,59,162,46,130,158,168,98,90,127
6,133,120,58,92,180,78,185,96,39,64,123
7,192,66,150,18,203,24,38,180,162,70,104
8,17,23,141,56,36,89,65,145,25,114,95
9,185,104,77,9,144,184,49,180,202,43,76
10,101,28,179,43,154,142,118,53,84,95,123
11,130,207,125,69,72,179,187,177,49,140,40
12,203,200,171,206,22,187,178,53,65,161,79
13,159,199,28,172,31,81,127,14,10,141,84
14,25,50,151,52,164,191,71,148,24,91,41
15,13,33,68,76,3,48,112,73,55,56,9
16,58,139,48,89,85,145,146,204,52,126,18
17,134,156,171,188,113,122,61,104,193,145,154
18,109,10,4,192,190,78,93,27,207,70,52
19,204,40,51,172,194,49,145,200,8,89,188
20,131,171,194,130,109,87,12,96,184,22,58
21,110,28,61,209,103,154,125,132,16,168,51
22,186,175,37,16,151,104,178,204,43,170,86
23,4,166,14,13,37,10,80,2,39,205,95
24,43,122,117,201,92,59,185,151,132,189,96
25,18,120,121,27,134,75,69,42,43,63,129
26,105,132,103,53,14,173,118,193,7,109,201
27,97,20,136,47,87,110,141,172,26,204,199
28,136,188,200,16,72,35,207,140,43,110,183
29,7,134,106,99,116,204,56,153,70,156,151
30,202,70,20,178,132,71,161,172,86,111,46
31,84,39,152,113,43,48,137,106,82,116,68
32,108,41,203,92,100,57,176,168,23,80,158
33,187,127,107,184,91,60,139,45,166,117,176
34,19,94,178,21,17,109,40,166,149,180,20
35,186,69,78,111,112,203,8,165,22,34,35
36,199,128,7,96,204,130,195,198,166,157,192
37,97,96,44,141,126,71,6,124,191,187,79
38,151,96,198,195,15,200,141,129,181,178,66
39,32,57,96,185,170,172,41,198,37,181,9
40,50,163,171,64,42,149,193,155,7,210,26
41,54,19,96,123,7,136,18,26,193,93,134
42,22,63,45,56,121,162,38,101,204,59,149
43,188,150,68,97,78,194,80,84,53,204,151
44,13,124,49,35,152,187,99,140,77,183,62
45,56,37,183,209,91,68,152,101,25,3,4
46,134,152,97,113,32,136,199,48,92,108,107
47,111,200,90,154,113,130,112,179,148,178,43
48,69,120,100,15,149,142,62,146,128,195,58
49,94,86,189,166,128,95,23,205,120,142,148
50,197,142,189,147,30,76,171,120,102,81,156
51,48,174,38,70,185,27,18,182,85,93,126
52,192,95,155,65,109,197,102,202,82,184,86
53,188,148,108,18,95,88,191,109,28,8,171
54,151,97,120,130,32,160,5,39,144,26,65
55,192,128,142,150,129,151,30,152,79,210,132
56,67,34,72,140,28,193,12,4,69,99,208
57,129,40,152,63,38,22,32,147,103,124,39
58,189,152,210,96,158,209,151,97,146,105,99
59,26,134,145,197,100,166,99,96,44,205,129
60,40,43,99,20,76,130,85,161,184,57,96
61,3,142,40,73,148,51,25,77,189,143,166
62,135,66,45,145,85,165,93,172,124,53,6
63,23,97,142,59,140,30,156,75,160,51,128
64,48,127,99,1,110,54,178,138,196,50,204
65,55,79,117,9,98,32,131,66,148,1,2
66,155,17,125,55,51,132,88,185,168,48,158
67,149,122,193,99,171,129,8,128,197,89,168
68,165,129,8,71,134,107,104,158,144,27,48
69,120,209,194,81,170,205,20,19,16,90,159
70,185,95,7,178,97,130,60,43,65,48,62
71,81,121,149,85,168,90,64,97,176,165,11
72,67,53,103,95,93,178,198,128,127,161,3
73,27,38,80,187,134,75,47,139,173,120,117
74,199,30,80,5,143,6,75,152,177,26,39
75,210,18,4,21,89,149,173,163,72,155,152
76,191,25,44,88,156,118,198,39,166,124,105
77,68,192,16,28,121,44,77,119,201,147,76
78,18,16,108,204,94,98,129,124,142,88,5
79,34,70,18,195,44,172,119,75,89,101,137
80,104,63,191,70,97,158,210,183,82,68,80
81,97,103,100,119,157,72,123,17,10,78,18
82,170,9,117,29,7,54,190,63,114,55,88
83,198,30,127,11,123,18,175,181,68,52,28
84,32,182,17,186,80,136,93,89,109,34,128
85,88,187,16,132,8,100,153,43,49,27,9
86,86,54,5,186,76,99,17,51,108,176,95
87,156,160,52,147,181,15,77,207,37,153,117
88,140,121,139,195,197,25,53,151,21,107,106
89,175,69,207,30,94,202,108,34,161,57,122
90,152,23,133,98,43,50,184,68,194,33,199
91,188,185,150,59,7,155,190,151,117,142,5
92,209,93,138,76,137,118,157,67,100,108,150
93,171,173,88,121,168,112,165,50,57,65,26
94,123,10,82,15,179,172,8,54,149,199,192
95,61,129,198,128,144,108,96,120,89,151,102
96,143,133,152,16,50,175,85,132,106,88,154
97,163,193,148,97,51,189,52,6,71,103,106
98,148,70,72,179,137,43,94,121,32,61,104
99,99,87,162,80,155,180,175,200,57,71,101
100,24,31,70,203,131,175,127,133,68,102,193
101,93,112,26,81,61,180,182,116,183,87,50
102,59,201,156,128,117,72,66,71,49,1,139
103,48,55,64,84,43,53,2,156,132,158,95
104,40,168,21,39,1,141,55,22,27,203,136
105,113,56,182,121,33,79,19,142,135,170,116
106,90,201,114,192,184,88,51,66,147,127,132
107,67,73,146,113,17,135,90,159,183,184,28
108,117,172,120,37,194,104,188,88,69,28,176
109,109,154,193,77,132,151,91,81,15,201,7
110,160,118,40,12,124,207,91,156,152,122,17
111,204,91,154,38,158,111,205,6,185,65,48
112,133,132,73,67,190,59,177,111,51,9,8
113,87,108,94,16,207,182,157,43,136,148,140
114,143,129,25,104,14,75,149,141,158,33,50
115,95,143,147,11,101,91,114,73,81,205,194
116,50,153,106,48,144,130,97,145,176,160,98
117,25,157,137,2,7,176,56,130,46,119,121
118,128,119,69,121,134,23,129,47,116,164,105
119,155,31,97,162,68,130,63,206,64,86,166
120,61,179,13,203,99,26,125,154,66,129,138
121,45,79,36,14,24,178,34,65,120,118,162
122,210,9,162,79,11,96,104,151,76,196,50
123,26,17,100,8,187,210,141,152,50,95,83
124,30,11,41,50,208,72,112,36,189,1,49
125,98,143,24,26,169,28,14,101,110,15,5
126,2,148,166,31,187,95,190,59,80,21,23
127,192,105,210,39,175,177,123,144,33,111,8
128,179,89,52,202,61,203,132,34,154,16,133
129,100,201,33,121,68,45,193,21,182,25,86
130,48,35,81,209,22,183,38,139,1,30,181
131,200,43,193,102,170,137,145,85,113,135,26
132,120,159,186,100,55,181,21,139,162,187,93
133,89,38,153,165,121,5,22,60,81,44,207
134,100,206,187,129,204,59,189,112,18,5,175
135,12,1,165,113,132,177,201,163,172,139,169
136,126,75,136,98,133,93,140,118,59,103,31
137,126,55,96,147,23,159,62,76,160,17,26
138,64,50,210,52,32,101,129,33,98,44,60
139,12,201,121,2,133,161,31,143,204,9,139
140,78,196,93,9,200,150,51,88,184,183,206
141,48,208,193,195,110,128,183,97,161,84,137
142,203,141,100,107,77,210,23,156,206,10,3
143,171,168,145,63,69,47,84,105,200,120,98
144,39,188,142,88,189,10,112,85,8,203,46
145,85,59,37,17,67,94,23,125,18,175,93
146,80,58,79,83,92,166,210,147,148,41,172
147,166,191,125,17,102,195,150,138,75,68,199
148,180,38,134,84,153,50,43,193,156,200,52
149,22,102,144,30,112,73,1,10,3,114,184
150,116,137,162,144,35,207,176,185,38,65,80
151,103,51,47,207,13,81,8,92,12,151,163
152,69,8,163,86,176,98,190,191,10,57,51
153,200,27,98,206,42,31,66,210,134,130,73
154,73,160,149,97,183,130,43,44,137,18,38
155,39,63,111,199,71,81,123,171,172,109,23
156,6,85,205,116,40,172,165,70,89,57,182
157,63,50,86,36,150,130,193,31,162,92,159
158,80,133,43,62,63,75,171,71,186,190,114
159,78,163,125,27,146,96,133,196,187,6,79
160,89,155,77,101,76,127,108,96,189,27,91
161,49,179,27,137,85,65,99,17,90,139,112
162,160,7,113,46,100,36,12,97,41,139,55
163,76,37,90,51,179,163,29,98,69,85,83
164,176,200,103,145,57,155,144,150,38,93,153
165,131,124,96,54,145,51,192,195,47,179,113
166,149,51,116,162,71,200,169,193,91,52,55
167,33,17,139,165,45,9,132,119,38,210,169
168,116,135,42,48,118,165,181,179,103,143,197
169,34,116,16,37,31,145,171,25,181,113,209
170,156,125,93,112,5,171,133,176,138,48,136
171,45,5,64,99,22,75,67,182,12,1,93
172,202,85,179,147,143,73,26,94,29,69,12
173,195,209,52,148,57,107,163,59,154,86,24
174,123,12,88,114,149,164,37,25,86,202,106
175,104,196,94,159,32,204,66,103,64,146,140
176,207,138,54,3,140,181,122,205,158,70,182
177,112,130,139,143,25,75,81,121,194,127,70
178,168,157,26,196,37,53,119,32,154,5,121
179,41,49,131,36,89,117,126,162,4,39,48
180,53,136,119,128,85,191,67,108,110,137,123
181,63,143,130,43,76,138,196,195,70,100,186
182,169,109,52,164,76,49,80,175,203,16,208
183,57,155,126,46,50,185,182,124,121,187,200
184,68,194,125,54,185,19,191,58,119,127,149
185,110,29,57,3,119,13,188,197,164,178,48
186,44,174,38,104,63,60,140,78,194,205,96
187,125,19,15,138,34,37,45,61,99,132,143
188,97,179,17,39,1,62,135,26,69,159,194
189,154,82,26,57,3,93,156,12,28,95,188
190,84,16,17,21,19,144,44,159,209,31,52
191,91,53,62,198,112,174,35,197,119,16,51
192,113,44,101,102,179,200,166,56,174,182,169
193,94,177,149,53,106,26,187,152,15,153,183
194,56,18,153,61,183,138,77,31,169,180,44
195,86,170,139,37,161,5,14,82,15,94,134
196,112,75,23,99,109,136,158,174,157,111,205
197,78,158,191,49,108,9,113,95,56,103,63
198,35,1,153,176,146,149,65,122,140,39,159
199,110,125,43,53,56,45,51,197,141,48,176
200,109,59,193,26,73,100,35,12,114,41,67
201,94,54,184,194,163,58,108,164,30,130,73
202,125,59,179,78,46,164,182,84,172,43,97
203,55,10,179,139,86,143,166,9,29,30,66
204,42,56,35,130,85,160,9,155,168,175,161
205,202,145,133,134,32,73,27,2,105,143,43
206,36,124,32,140,185,170,190,200,110,69,120
207,156,154,178,38,29,102,37,21,174,123,19
208,149,181,65,13,137,152,77,6,26,105,139
209,141,89,65,171,19,4,62,154,161,44,137
210,155,197,42,86,169,138,142,27,209,63,33
211,70,119,64,108,53,78,97,9,106,98,194
212,184,161,138,179,16,4,65,48,127,146,108
213,14,135,209,156,162,32,70,60,107,195,44
214,170,35,119,87,111,10,37,54,129,134,197
215,76,85,83,42,25,38,135,64,1,23,80
216,205,142,53,38,14,79,145,170,129,15,94
217,95,114,123,107,139,144,200,140,141,206,87
218,120,182,91,111,39,172,198,63,24,185,127
219,135,188,142,6,175,94,57,127,51,150,54
220,192,8,120,126,71,171,49,197,163,27,150
221,98,10,114,173,113,90,122,39,62,82,11
222,185,126,158,207,191,46,14,95,200,177,150
223,175,145,152,34,119,199,125,198,100,204,57
224,25,111,154,104,31,172,186,58,46,166,118
225,182,123,117,151,186,35,11,112,66,195,118
226,141,155,184,171,88,95,62,132,137,114,48
227,2,14,146,177,89,191,51,18,32,70,73
228,97,156,146,13,177,68,35,125,197,81,40
229,146,76,161,89,97,43,53,179,101,147,9
230,95,207,124,204,84,107,47,18,22,16,2
231,98,10,16,117,170,64,209,150,133,205,156
232,22,3,141,51,41,7,203,69,29,158,134
233,64,104,91,130,153,30,123,35,13,178,188
234,177,56,131,112,66,153,158,164,34,119,42
235,102,173,205,95,201,88,4,15,117,148,1
236,198,22,189,106,137,142,119,73,69,61,79
237,46,128,32,142,124,104,183,103,106,114,77
238,190,206,10,47,33,205,163,125,189,158,102
239,11,171,25,200,183,26,151,55,107,185,65
240,55,16,21,96,130,63,191,69,180,33,139
241,50,23,61,47,143,138,109,16,92,64,105
242,64,159,162,206,67,163,126,133,164,118,73
243,66,144,13,12,205,170,197,182,41,114,120
244,181,72,170,200,199,159,21,85,203,194,109
245,124,79,78,60,140,72,46,53,114,203,201
246,210,114,70,29,106,8,178,108,146,68,79
247,128,53,153,78,209,175,36,165,24,142,118
248,46,76,168,92,132,154,63,47,36,204,87
249,206,47,182,152,123,31,69,60,53,14,61
250,88,189,50,58,22,85,26,42,106,45,180
251,2,145,197,21,98,13,139,1,71,96,17
252,135,150,188,23,7,22,70,44,12,60,98
253,104,158,61,195,68,202,22,33,3,148,89
254,35,94,169,16,134,64,204,79,31,5,96
255,31,33,192,188,45,163,34,151,20,60,126
256,178,62,55,66,202,137,186,38,192,132,50
257,119,32,117,101,39,152,63,169,17,190,98
258,58,43,136,160,198,39,200,12,104,130,50
259,185,173,64,27,164,79,119,6,158,189,150
260,140,165,43,92,147,81,108,11,151,16,58
261,7,169,117,89,33,27,93,67,164,78,61
262,203,38,88,189,134,37,199,34,78,75,80
263,138,166,110,48,198,10,152,116,63,34,126
264,176,202,51,81,189,33,165,168,18,144,45
265,95,59,37,22,102,177,27,17,120,79,176
266,67,50,90,196,37,68,129,11,207,112,9
267,149,50,128,20,134,57,158,133,176,67,210
268,179,143,161,26,102,138,173,50,69,12,160
269,107,96,39,193,78,34,65,192,118,189,90
270,46,186,50,199,154,163,206,184,127,118,23
271,186,52,57,142,53,133,21,132,160,181,189
272,143,160,202,124,126,157,73,191,2,125,31
273,89,94,182,116,155,38,163,112,101,105,139
274,45,153,149,189,38,183,69,5,8,29,85
275,202,80,150,122,58,31,102,136,137,160,82
276,98,86,21,158,187,29,124,192,196,83,70
277,142,81,107,183,76,56,159,44,199,158,169
278,32,111,124,15,127,7,23,82,62,170,193
279,140,38,82,100,122,45,198,43,7,137,53
280,64,201,188,103,45,48,30,96,81,120,79
281,11,57,170,61,89,29,198,207,59,65,14
282,205,91,32,92,86,104,146,174,76,11,195
283,194,153,147,35,56,107,118,88,202,68,76
284,122,163,190,84,87,123,170,124,18,201,205
285,76,159,133,179,171,149,3,83,71,128,177
286,13,6,30,5,148,28,144,72,179,44,122
287,36,101,8,132,205,32,107,38,105,178,163
288,183,25,93,98,57,172,16,175,38,147,176
289,176,191,144,147,93,137,17,23,128,64,19
290,121,25,95,71,194,103,16,78,65,48,135
291,48,166,183,206,150,44,177,77,49,149,11
292,70,124,152,100,151,112,128,187,55,96,153
293,105,184,181,17,164,101,127,120,142,72,150
294,148,1,70,52,187,3,77,121,29,177,69
295,69,135,92,85,124,198,183,60,31,153,134
296,172,171,196,158,178,35,104,42,87,8,173
297,8,80,51,13,66,150,11,37,99,12,208
298,166,134,155,201,145,160,105,192,207,44,14
299,194,103,207,155,111,53,131,125,33,135,41
300,48,79,206,23,54,41,120,195,99,57,94
301,153,149,77,61,185,66,145,192,27,133,76
302,164,64,28,56,186,114,88,191,177,63,131
303,56,127,130,191,177,151,38,134,58,118,152
304,93,88,153,25,137,141,130,69,176,89,118
305,83,66,65,62,35,11,37,101,132,196,163
306,157,55,110,145,36,133,202,2,6,187,203
307,45,8,146,133,29,69,92,144,96,65,116
308,198,83,87,168,142,24,97,141,18,23,187
309,46,208,146,188,78,203,59,93,35,200,2
310,25,42,17,154,132,165,123,84,40,87,210
311,143,30,20,67,174,102,45,31,85,110,13
312,152,153,110,182,36,78,100,129,208,189,163
313,189,3,164,65,191,38,190,197,31,131,176
314,6,153,73,182,83,85,193,76,51,169,35
315,88,203,197,70,112,105,157,168,71,137,42
316,127,4,180,43,65,48,169,110,5,83,11
317,127,11,101,83,23,44,176,56,20,186,181
318,160,185,28,127,97,91,157,65,6,42,60
319,54,43,30,190,123,22,16,56,41,14,78
320,155,15,135,141,161,61,4,123,20,56,43
321,93,9,117,76,19,34,42,139,109,194,165
322,51,189,17,138,157,112,68,33,94,106,34
323,180,171,79,89,162,119,26,90,56,177,202
324,83,33,9,139,143,25,111,197,141,75,194
325,119,208,19,168,1,55,6,114,67,85,14
326,164,61,8,210,62,155,14,186,46,104,44
327,185,119,200,166,204,194,144,159,92,94,133
328,1,147,182,126,87,155,15,73,209,142,21
329,46,175,140,125,56,7,75,66,161,196,155
330,169,68,189,7,193,144,39,183,85,66,50
331,152,40,54,140,35,108,58,6,186,59,123
332,194,184,32,175,181,41,123,69,201,37,148
333,208,201,150,82,56,110,21,149,185,111,177
334,97,136,177,170,50,26,128,180,204,40,110
335,37,132,60,39,35,71,116,104,142,52,210
336,205,198,183,206,204,184,170,197,61,67,169
337,89,166,202,99,23,179,113,119,104,122,62
338,82,5,11,28,79,118,141,18,50,117,27
339,147,21,23,62,22,107,157,111,70,7,69
340,168,180,71,198,144,36,49,118,17,133,67
341,70,125,110,193,31,198,208,28,34,76,153
342,19,199,34,174,159,110,201,141,135,182,187
343,41,97,175,23,76,174,157,154,30,153,143
344,188,40,199,128,64,42,143,47,204,155,18
345,153,108,13,204,8,146,165,144,147,3,207
346,138,116,184,136,91,28,129,22,43,105,168
347,104,205,78,209,160,171,191,166,94,175,52
348,197,7,19,103,83,11,116,45,73,170,136
349,25,57,71,163,23,85,165,129,189,39,81
350,100,30,7,172,176,46,15,83,146,34,20
351,170,41,198,78,22,51,132,192,125,95,59
352,36,126,86,76,54,108,182,200,140,79,62
353,36,208,34,19,54,66,199,65,179,112,180
354,139,142,137,20,136,164,16,210,188,24,192
355,140,75,46,64,14,76,25,57,186,168,23
356,6,194,26,121,62,1,188,75,88,106,130
357,171,198,101,29,100,53,82,25,13,145,99
358,123,72,92,43,89,197,49,204,112,118,174
359,90,143,209,45,87,36,79,136,154,26,186
360,30,190,138,122,178,15,116,155,43,78,143
361,17,27,10,181,24,194,109,5,130,143,156
362,13,121,180,114,147,46,175,7,60,151,148
363,187,157,112,32,152,184,199,28,72,65,189
364,209,109,199,97,67,91,210,142,144,61,157
365,139,100,153,172,107,12,57,106,160,29,101
366,189,172,155,64,208,125,52,26,98,152,104
367,194,99,108,188,48,36,204,185,23,84,54
368,103,160,36,62,40,109,169,106,9,186,146
369,98,68,173,4,161,61,47,176,162,155,45
370,34,166,5,91,171,76,33,92,162,45,176
371,66,23,69,179,135,171,182,75,7,32,9
372,49,181,113,201,122,125,132,82,42,192,8
373,97,123,200,151,31,82,45,122,166,93,19
374,130,205,155,171,184,36,54,10,26,55,183
375,117,160,66,204,98,106,96,40,10,97,187
376,113,144,13,176,150,143,11,189,162,45,93
377,96,181,26,6,161,9,79,69,208,57,109
378,155,32,190,136,22,206,9,99,21,150,103
379,58,59,128,92,102,106,164,4,70,1,199
380,91,125,7,43,76,86,69,150,132,59,130
381,197,103,75,194,162,189,164,69,5,77,82
382,12,10,168,157,46,194,47,98,64,63,73
383,90,49,14,53,139,105,174,106,186,27,198
384,1,18,111,85,113,107,156,4,37,83,170
385,76,110,35,104,53,122,77,24,135,108,117
386,51,128,67,66,95,36,209,142,186,111,63
387,13,36,128,65,154,63,170,107,32,95,139
388,88,159,138,39,150,40,3,20,125,93,156
389,170,112,111,164,75,5,49,66,70,159,82
390,198,178,134,104,210,123,117,9,118,208,192
391,33,140,105,1,23,54,165,137,46,141,123
392,196,187,43,37,197,114,51,123,189,120,85
393,44,55,89,113,153,141,78,203,194,112,68
394,93,66,6,14,184,2,210,197,178,196,126
395,5,40,136,149,177,157,17,137,28,178,138
396,177,98,154,78,124,135,58,66,162,184,160
397,38,92,86,49,2,89,96,6,16,131,19
398,121,186,181,93,20,75,174,158,43,24,44
399,151,71,146,30,102,13,202,64,5,171,168
